hour	count	mean
0		
1		
2		
3		
4	1.0	5874.0
5	3.0	6156.0
6	4.0	6474.75
7	4.0	7285.0
8	6.0	7274.833333333333
9	4.0	8303.25
10	5.0	8201.2
11	5.0	7314.2
12	3.0	7833.666666666667
13	5.0	8368.8
14	6.0	8691.833333333334
15	3.0	9151.333333333334
16	5.0	8487.8
17	4.0	8200.25
18	5.0	7919.0
19	3.0	7713.0
20	5.0	7134.4
21	2.0	7133.5
22	4.0	5796.25
23	3.0	4795.333333333333
