hour	count	mean
0		
1		
2		
3		
4		
5	3.0	1518.3333333333333
6	5.0	2087.6
7	4.0	2787.5
8	4.0	2848.0
9	6.0	2637.8333333333335
10	4.0	2847.5
11	5.0	2795.0
12	4.0	2908.25
13	5.0	2696.6
14	3.0	3315.0
15	6.0	2617.0
16	4.0	2787.25
17	6.0	2777.6666666666665
18	3.0	2587.3333333333335
19	5.0	2205.8
20	4.0	2623.5
21	2.0	1558.5
22	4.0	2188.25
23	3.0	1438.6666666666667
