hour	count	mean
0		
1		
2		
3		
4		
5		
6		
7	2.0	1858.5
8	4.0	1799.5
9	2.0	1857.5
10	3.0	1878.3333333333333
11	3.0	1839.0
12	2.0	1678.5
13	4.0	1978.25
14	2.0	1949.5
15	2.0	2098.0
16	4.0	1950.75
17	2.0	1858.0
18	2.0	2038.5
19	3.0	2037.6666666666667
20	2.0	1456.0
21	2.0	1754.0
22	2.0	2098.5
23	2.0	1559.0
