hour	count	mean
0		
1		
2		
3		
4		
5	3.0	1519.0
6	2.0	1379.5
7	3.0	3037.6666666666665
8	5.0	1510.6
9	4.0	3986.75
10	4.0	2727.25
11	4.0	1828.5
12	4.0	3927.0
13	4.0	2937.5
14	4.0	1738.25
15	5.0	2421.2
16	5.0	3188.8
17	4.0	4285.5
18	3.0	1918.3333333333333
19	4.0	1618.5
20	4.0	3657.0
21	3.0	1399.0
22	5.0	1280.6
23	3.0	2877.0
