hour	count	mean
0		
1		
2		
3		
4		
5		
6		
7	2.0	1579.5
8	5.0	1955.2
9	3.0	2008.3333333333333
10	4.0	2141.25
11	5.0	2083.2
12	6.0	2247.8333333333335
13	6.0	2511.0
14	6.0	2354.3333333333335
15	5.0	2198.0
16	7.0	2629.8571428571427
17	6.0	2405.3333333333335
18	6.0	2378.5
19	5.0	2151.4
20	5.0	2377.6
21	3.0	1896.0
22	2.0	1853.0
23		
