hour	count	mean
0		
1		
2		
3		
4	1.0	5155.0
5	4.0	5173.0
6	9.0	5895.666666666667
7	10.0	5840.8
8	9.0	5950.555555555556
9	9.0	5890.888888888889
10	9.0	5482.777777777777
11	9.0	5808.666666666667
12	10.0	5781.8
13	9.0	5917.222222222223
14	10.0	6089.8
15	8.0	6555.5
16	10.0	6528.1
17	7.0	6457.0
18	11.0	6170.090909090909
19	5.0	5447.8
20	6.0	5582.166666666667
21	6.0	5442.666666666667
22	8.0	4857.0
23	6.0	4328.333333333333
