hour	count	mean
0		
1		
2		
3		
4		
5	4.0	1810.5
6	9.0	2094.3333333333335
7	9.0	2234.8888888888887
8	10.0	2161.2
9	10.0	2216.7
10	8.0	2067.75
11	9.0	2185.1111111111113
12	9.0	2235.6666666666665
13	9.0	2336.1111111111113
14	10.0	2450.7
15	9.0	2525.5555555555557
16	10.0	2588.1
17	8.0	2604.625
18	9.0	2232.4444444444443
19	7.0	2246.5714285714284
20	6.0	2207.5
21	6.0	2209.1666666666665
22	6.0	2391.3333333333335
23	10.0	1235.8
