hour	count	mean
0		
1		
2		
3		
4		
5	3.0	2202.0
6	10.0	1999.0
7	10.0	2336.9
8	12.0	2982.6666666666665
9	7.0	2276.5714285714284
10	9.0	2297.0
11	10.0	2182.2
12	7.0	2223.714285714286
13	10.0	2326.6
14	8.0	2313.5
15	11.0	2508.818181818182
16	11.0	2833.7272727272725
17	7.0	2710.1428571428573
18	10.0	2271.0
19	6.0	2424.0
20	5.0	2042.0
21	6.0	2152.1666666666665
22	7.0	1901.857142857143
23	7.0	1605.2857142857142
