hour	count	mean
0		
1		
2		
3		
4		
5	7.0	2504.285714285714
6	11.0	2925.7272727272725
7	6.0	2611.5
8	10.0	1909.2
9	10.0	3166.1
10	10.0	3300.2
11	7.0	1633.4285714285713
12	4.0	1619.0
13	7.0	2768.4285714285716
14	9.0	3003.0
15	12.0	3549.25
16	9.0	3704.222222222222
17	5.0	1992.8
18	9.0	3569.222222222222
19	10.0	2968.6
20	7.0	2924.285714285714
21	7.0	3377.714285714286
22	7.0	2372.4285714285716
23	3.0	3556.6666666666665
